CATALOG_NAME,SCHEMA_NAME
PRD_ACC_A1908,PRD_SRV_ACC_A1908_ACC
PRD_ACE_A0021,PRD_SRV_ACE_A0021_ACE
PRD_ACS_A5456,PRD_SRV_ACS_A5456_ACS
PRD_ACY_A5456,PRD_UV_ACY_A5456_ACY_FAT
PRD_ADL_A0022,PRD_SRV_ADL_A0022_ADL
PRD_AFD_A5443,APP
PRD_AFD_A5443,PRD_APP_AFD_A5443_ELT_SPARK
PRD_AFD_A5443,PRD_BOV_AFD_A5443_TECH_AUDIT_TRACKER
PRD_AFD_A5443,PRD_BOV_AFD_A5443_TECH_KEY_HOLDER
PRD_AFD_A5443,PRD_BOV_AFD_A5443_USER
PRD_ALG_A5103,PRD_SRV_ALG_A5103_ALG
PRD_ALG_A5103,PRD_SRV_ALG_A5103_CSV_FILES
PRD_ALU_A7131,PRD_APP_ALU_A7131_TEST_REPLI_01
PRD_ALU_A7131,PRD_SRV_ALU_A7131_ALU_DB
PRD_ALU_A7131,PRD_SUV_ALU_A7131_SMOKERP
PRD_AMA_A5454,PAMAPAMAB_AMA_WRK
PRD_AMA_A5454,PAMAPAMAU_DSTG
PRD_AMA_A5454,PAMAPAMAU_MSTR
PRD_AMA_A5454,PAMAPAMAV_APP
PRD_AMA_A5454,PRD_SRV_AMA_A5454_AMA
PRD_AMA_A5454,PRD_UV_AMA_A5454_AMA
PRD_ANO_A5468,PRD_SRV_ANO_A5468_ANO
PRD_ANO_A5468,PRD_SRV_ANO_A5468_TECHLOGS
PRD_AQM_A8517,PRD_BOV_AQM_A8517_FUNDING_LOAN
PRD_AQM_A8517,PRD_SUV_AQM_A8517_MERCURE
PRD_AQM_A8517,PRD_SUV_AQM_A8517_RACER
PRD_ATV_A1606,PRD_SRV_ATV_A1606_ATV
PRD_BAB_A1610,APP
PRD_BAB_A1610,PRD_UV_BAB_A1610_BAB
PRD_BBB_A1610,PRD_SRV_BBB_A1610_BBB
PRD_BBC_A2540,PRD_SRV_BBC_A2540_ACCOUNTING_CHANNEL
PRD_BBC_A2540,PRD_SRV_BBC_A2540_DATA
PRD_BBC_A2540,PRD_SRV_BBC_A2540_REFERENTIAL
PRD_BBC_A2540,PRD_UV_BBC_A2540_REPORTING_CHANNEL
PRD_BCR_A5299,APP
PRD_BCR_A5299,PRD_SRV_BCR_A5299_CHEQUES_CDN
PRD_BCR_A5299,PRD_UV_BCR_A5299_ASSNAT
PRD_BCR_A5299,PRD_UV_BCR_A5299_BCR_DSPREPORTINGABE
PRD_BCR_A5299,PRD_UV_BCR_A5299_BCR_EMBARGOCARTES
PRD_BCR_A5299,PRD_UV_BCR_A5299_CHEQUES_CDN
PRD_BCR_A5299,PRD_UV_BCR_A5299_RBM_INFOCENTRE_NPI
PRD_BCR_A5299,PRD_UV_BCR_A5299_RBM_PILOTAGE_CHEQUES
PRD_BDL_A5197,PRD_SRV_BDL_A5197_BDL
PRD_BEM_A5453,APP
PRD_BEM_A5453,PRD_SRV_BEM_A5453_BEM
PRD_BFF_A5318,PRD_SRV_BFF_A5318_BFF
PRD_BFF_A5318,PRD_UV_BFF_A5318_BFF
PRD_BGR_A5299,APP
PRD_BGR_A5299,PRD_UV_BGR_A5299_BGR_STATIP
PRD_BGR_A5299,PRD_UV_BGR_A5299_DMC_FRAUDE_ACQ
PRD_BGR_A5299,PRD_UV_BGR_A5299_DMC_FRAUDE_EMET
PRD_BGR_A5299,PRD_UV_BGR_A5299_DMC_SAE
PRD_BGR_A5299,PRD_UV_BGR_A5299_PILACTIVITECOM
PRD_BGR_A5299,PRD_UV_BGR_A5299_REPORTING_CARTE
PRD_BGR_A5299,PRD_UV_BGR_A5299_STATIPDM
PRD_BGR_A5299,PRD_UV_BGR_A5299_STATOPEPORTEUR
PRD_BIC_A8385,PRD_UV_BIC_A8385_DFC
PRD_BIC_A8385,PRD_UV_BIC_A8385_DFC_PPRD
PRD_BIC_A8385,PRD_UV_BIC_A8385_NFDQC_CONTROLS_RESTITUTION
PRD_BIC_A8385,PRD_UV_BIC_A8385_NFDQC_CONTROLS_RESTITUTION_PPRD
PRD_BKR_A1542,PRD_SRV_BKR_A1542_BKR
PRD_BMP_A5479,PBMPPBMPB_WRK
PRD_BMP_A5479,PBMPPBMPU_ALIM
PRD_BMP_A5479,PBMPPBMPV_APP
PRD_BMP_A5479,PBMPPBMPV_WRK
PRD_BMW_A1923,APP
PRD_BMW_A1923,PRD_UV_BMW_A1923_COLLECTE
PRD_BMW_A1923,PRD_UV_BMW_A1923_TECHNIQUE
PRD_BOC_A1990,PRD_SRV_BOC_A1990_BOC
PRD_BOC_A1990,PRD_SRV_BOC_A1990_FCM_A0166_BDDF
PRD_BOC_A1990,PRD_SRV_BOC_A1990_FCM_A0166_NAF_MCC
PRD_BOC_A1990,PRD_SRV_BOC_A1990_GAC_A0779_BDDF
PRD_BOC_A1990,PRD_SRV_BOC_A1990_HMO_A0658_SAA_BDDF
PRD_BOC_A1990,PRD_SRV_BOC_A1990_RCM_A1423_BDDF
PRD_BOC_A1990,PRD_SRV_BOC_A1990_TRC_A0657_BDDF
PRD_BRB_A1769,PBRBPBRBB_BRBD
PRD_BRB_A1769,PBRBPBRBB_RQT
PRD_BRB_A1769,PBRBPBRBB_STG
PRD_BRB_A1769,PBRBPBRBB_TMP
PRD_BRB_A1769,PBRBPBRBK_BRBD
PRD_BRB_A1769,PBRBPBRBU_ALIM
PRD_BRB_A1769,PBRBPBRBU_IPARM
PRD_BRB_A1769,PBRBPBRBU_MSTR_BRBD
PRD_BRB_A1769,PBRBPBRBU_MSTR_PIF
PRD_BRB_A1769,PBRBPBRBU_SAV
PRD_BRB_A1769,PBRBPBRBU_SEL
PRD_BRB_A1769,PBRBPBRBV_APP
PRD_BRB_A1769,PBRBPBRBV_BRBD
PRD_BRB_A1769,PBRBPBRBV_CIR
PRD_BRB_A1769,PBRBPBRBV_CMW
PRD_BRB_A1769,PBRBPBRBV_EDC
PRD_BRB_A1769,PBRBPBRBV_ERT
PRD_BRB_A1769,PBRBPBRBV_LOG
PRD_BRB_A1769,PBRBPBRBV_MON
PRD_BRB_A1769,PBRBPBRBV_RQT
PRD_BRB_A1769,PBRBPBRBV_RST
PRD_BRB_A1769,PBRBPBRBV_SGR
PRD_BRB_A1769,PBRBPBRBV_TMP
PRD_BRB_A1769,PRD_SRV_BRB_A1769_BRB
PRD_BRB_A1769,PRD_SRV_BRB_A1769_NONRETAIL
PRD_BRB_A1769,PRD_SRV_BRB_A1769_RETAIL
PRD_BSF_A5428,PRD_UV_BSF_A5428_BSF_ALERT
PRD_BVN_A5800,APP
PRD_BVN_A5800,PRD_BOV_BVN_A5800_EVENTS
PRD_BWM_A5215,PRD_LAB_BWM_A5215_BWM
PRD_BWM_A5215,PRD_UV_BWM_A5215_BWM
PRD_CBA_A5800,APP
PRD_CBA_A5800,PRD_BOV_CBA_A5800_BANK_DETAILS
PRD_CCF_A5097,PRD_SRV_CCF_A5097_CCF
PRD_CCR_A5717,APP
PRD_CCR_A5717,PRD_SRV_CCR_A5717_CCR
PRD_CCR_A5717,PRD_UV_CCR_A5717_CCR
PRD_CCW_A1933,PRD_SRV_CCW_A1933_TECHLOGS
PRD_CDL_A1604,PRD_SRV_CDL_A1604_CDL
PRD_CDN_A5299,PRD_SRV_CDN_A5299_AOC_AN008
PRD_CDN_A5299,PRD_SRV_CDN_A5299_BAR_AN937
PRD_CDN_A5299,PRD_SRV_CDN_A5299_BCC_AN336
PRD_CDN_A5299,PRD_SRV_CDN_A5299_BEN_AN337
PRD_CDN_A5299,PRD_SRV_CDN_A5299_ETN_AN893
PRD_CDN_A5299,PRD_SRV_CDN_A5299_GRI_AN658
PRD_CDN_A5299,PRD_SRV_CDN_A5299_LBA_AN152
PRD_CDN_A5299,PRD_SRV_CDN_A5299_MPA_AN168
PRD_CDN_A5299,PRD_SRV_CDN_A5299_MPR_AN170
PRD_CDN_A5299,PRD_SRV_CDN_A5299_TDC_AN268
PRD_CDN_A5299,PRD_SRV_CDN_A5299_TEX_AN270
PRD_CDN_A5299,PRD_SRV_CDN_A5299_TIM_AN272
PRD_CDN_A5299,PRD_SRV_CDN_A5299_VCO_AN280_FCM_A0166
PRD_CDN_A5299,PRD_SRV_CDN_A5299_VCO_AN280_GAC_A0779
PRD_CDN_A5299,PRD_SRV_CDN_A5299_VCO_AN280_HMO_A0658_SAA
PRD_CDN_A5299,PRD_SRV_CDN_A5299_VCO_AN280_RCM_A1423
PRD_CDN_A5299,PRD_SRV_CDN_A5299_VCO_AN280_TRC_A0657
PRD_CDS_A5452,APP
PRD_CEB_A0163,PRD_SRV_CEB_A0163_BDDF
PRD_CEB_A0163,PRD_SRV_CEB_A0163_CDN
PRD_CEB_A0163,PRD_SRV_CEB_A0163_REA_A1972_BDDF
PRD_CFC_A0700,PRD_SRV_CFC_A0700_CFC
PRD_CFO_A5501,PCFOPCFOB_DWH
PRD_CFO_A5501,PCFOPCFOB_STG
PRD_CFO_A5501,PCFOPCFOU_ALIM
PRD_CFO_A5501,PCFOPCFOV_APP
PRD_CFO_A5501,PCFOPCFOV_APP_ESG
PRD_CFO_A5501,PCFOPCFOV_APP_KOK
PRD_CFO_A5501,PCFOPCFOV_APP_PNM
PRD_CFO_A5501,PCFOPCFOV_DWH
PRD_CFO_A5501,PCFOPCFOV_STG
PRD_CIG_A5513,PRD_SRV_CIG_A5513_SIS_GAM
PRD_CIR_A1921,PCIRPCIRB_CIR
PRD_CIR_A1921,PCIRPCIRB_CIR_STG
PRD_CIR_A1921,PCIRPCIRB_TMP
PRD_CIR_A1921,PCIRPCIRK_CIR
PRD_CIR_A1921,PCIRPCIRV_APP
PRD_CIR_A1921,PCIRPCIRV_CIR
PRD_CIR_A1921,PCIRPCIRV_CIR_STG
PRD_CIR_A1921,PCIRPCIRV_ERT
PRD_CIR_A1921,PCIRPCIRV_RST
PRD_CIS_AR021,PRD_SRV_CIS_AR021_CIS
PRD_CLK_A5411,APP
PRD_CLS_A5800,APP
PRD_CLS_A5800,PRD_BOV_CLS_A5800_CLASSIFICATION
PRD_CMI_A5767,APP
PRD_CMI_A5767,PRD_SRV_CMI_A5767_CMI
PRD_CMI_A5767,PRD_SUV_CMI_A5767_CMI
PRD_CMI_A5767,PRD_UV_CMI_A5767_CMI
PRD_CMP_A1858,PRD_SRV_CMP_A1858_CMP
PRD_CMS_A1546,APP
PRD_CMS_A1546,PRD_SRV_CMS_A1546_CDS
PRD_CMS_A1546,PRD_SRV_CMS_A1546_DAT
PRD_CMS_A1546,PRD_SRV_CMS_A1546_DCV
PRD_CMS_A1546,PRD_SRV_CMS_A1546_INFOMART
PRD_CMS_A1546,PRD_SRV_CMS_A1546_INFOMART_BACKUP
PRD_CMS_A1546,PRD_SRV_CMS_A1546_MNR
PRD_CMS_A1546,PRD_SRV_CMS_A1546_PAD
PRD_CMS_A1546,PRD_SRV_CMS_A1546_TSC
PRD_CMW_A1923,PCMWPALMB_CMW
PRD_CMW_A1923,PCMWPALMB_CTRL
PRD_CMW_A1923,PCMWPALMB_OFFLOAD
PRD_CMW_A1923,PCMWPALMB_PIQ
PRD_CMW_A1923,PCMWPALMB_PPR
PRD_CMW_A1923,PCMWPALMB_PRIV
PRD_CMW_A1923,PCMWPALMB_PRUN
PRD_CMW_A1923,PCMWPALMB_SNAPSHOT
PRD_CMW_A1923,PCMWPALMU_ALIM
PRD_CMW_A1923,PCMWPALMU_BA
PRD_CMW_A1923,PCMWPALMU_PIQ
PRD_CMW_A1923,PCMWPALMU_SAV
PRD_CMW_A1923,PCMWPALMU_SEL
PRD_CMW_A1923,PCMWPALMU_SEP
PRD_CMW_A1923,PCMWPALMV_APP
PRD_CMW_A1923,PCMWPALMV_APP_GDPR
PRD_CMW_A1923,PCMWPALMV_BRB
PRD_CMW_A1923,PCMWPALMV_BRB_GDPR
PRD_CMW_A1923,PCMWPALMV_CMW
PRD_CMW_A1923,PCMWPALMV_CMW_GDPR
PRD_CMW_A1923,PCMWPALMV_CTRL
PRD_CMW_A1923,PCMWPALMV_EDC
PRD_CMW_A1923,PCMWPALMV_GDP
PRD_CMW_A1923,PCMWPALMV_GDPR
PRD_CMW_A1923,PCMWPALMV_OFFLOAD
PRD_CMW_A1923,PCMWPALMV_PIQ
PRD_CMW_A1923,PCMWPALMV_PPR
PRD_CMW_A1923,PCMWPALMV_PRIV
PRD_CMW_A1923,PCMWPALMV_PRUN
PRD_CMW_A1923,PCMWPALMV_SNAPSHOT
PRD_CMW_A1923,PCMWPALMV_TECH_GDP
PRD_CMW_A1923,PCMWPALMV_TECH_GDPR
PRD_CMW_A1923,PCMWPALMV_TECH_USR
PRD_CMW_A1923,PCMWPALMV_USR
PRD_CMW_A1923,PCMWPALMV_VIP
PRD_CMW_A1923,PCMWPALMV_VIP_GDPR
PRD_CMW_A1923,PCMWPALMV_VUC
PRD_CMW_A1923,PCMWPCMWB_CMW
PRD_CMW_A1923,PCMWPRSTB_CMW
PRD_CMW_A1923,PCMWPRSTB_PRIV
PRD_CMW_A1923,PCMWPRSTU_ALIM
PRD_CMW_A1923,PCMWPRSTU_DAS
PRD_CMW_A1923,PCMWPRSTU_MAP_ALIM
PRD_CMW_A1923,PCMWPRSTU_ME
PRD_CMW_A1923,PCMWPRSTU_MSTR
PRD_CMW_A1923,PCMWPRSTU_MSTR_BDDFSUR
PRD_CMW_A1923,PCMWPRSTU_MSTR_CFERS
PRD_CMW_A1923,PCMWPRSTU_MSTR_CLICOM
PRD_CMW_A1923,PCMWPRSTU_MSTR_CONVTIT
PRD_CMW_A1923,PCMWPRSTU_MSTR_COPERNIC
PRD_CMW_A1923,PCMWPRSTU_MSTR_CTCOM
PRD_CMW_A1923,PCMWPRSTU_MSTR_MRP
PRD_CMW_A1923,PCMWPRSTU_MSTR_PILACT
PRD_CMW_A1923,PCMWPRSTU_MSTR_PILBIL
PRD_CMW_A1923,PCMWPRSTU_MSTR_PILCAR
PRD_CMW_A1923,PCMWPRSTU_MSTR_PILCMWREF
PRD_CMW_A1923,PCMWPRSTU_MSTR_PILCO
PRD_CMW_A1923,PCMWPRSTU_MSTR_PILCPN
PRD_CMW_A1923,PCMWPRSTU_MSTR_PILDRP
PRD_CMW_A1923,PCMWPRSTU_MSTR_PILEDB
PRD_CMW_A1923,PCMWPRSTU_MSTR_PILFID
PRD_CMW_A1923,PCMWPRSTU_MSTR_PILFIN
PRD_CMW_A1923,PCMWPRSTU_MSTR_PILFINREQ
PRD_CMW_A1923,PCMWPRSTU_MSTR_PILGLF
PRD_CMW_A1923,PCMWPRSTU_MSTR_PILIBP
PRD_CMW_A1923,PCMWPRSTU_MSTR_PILICP
PRD_CMW_A1923,PCMWPRSTU_MSTR_PILINSAT
PRD_CMW_A1923,PCMWPRSTU_MSTR_PILIPPI
PRD_CMW_A1923,PCMWPRSTU_MSTR_PILISDIV
PRD_CMW_A1923,PCMWPRSTU_MSTR_PILLC
PRD_CMW_A1923,PCMWPRSTU_MSTR_PILMKT
PRD_CMW_A1923,PCMWPRSTU_MSTR_PILPAR
PRD_CMW_A1923,PCMWPRSTU_MSTR_PILPER
PRD_CMW_A1923,PCMWPRSTU_MSTR_PILPPM
PRD_CMW_A1923,PCMWPRSTU_MSTR_PILRISK
PRD_CMW_A1923,PCMWPRSTU_MSTR_PILSBG
PRD_CMW_A1923,PCMWPRSTU_MSTR_PILSRA
PRD_CMW_A1923,PCMWPRSTU_MSTR_PILTEL
PRD_CMW_A1923,PCMWPRSTU_MSTR_PRIV
PRD_CMW_A1923,PCMWPRSTU_MSTR_PRIV2
PRD_CMW_A1923,PCMWPRSTU_MSTR_PRIVSUR
PRD_CMW_A1923,PCMWPRSTU_MSTR_SEA
PRD_CMW_A1923,PCMWPRSTU_PARM
PRD_CMW_A1923,PCMWPRSTU_PGE
PRD_CMW_A1923,PCMWPRSTU_PUBLI
PRD_CMW_A1923,PCMWPRSTU_SAV
PRD_CMW_A1923,PCMWPRSTU_SEL
PRD_CMW_A1923,PCMWPRSTV_APP
PRD_CMW_A1923,PCMWPRSTV_BMP
PRD_CMW_A1923,PCMWPRSTV_BRB
PRD_CMW_A1923,PCMWPRSTV_CFO
PRD_CMW_A1923,PCMWPRSTV_CIR
PRD_CMW_A1923,PCMWPRSTV_CMW
PRD_CMW_A1923,PCMWPRSTV_CVP
PRD_CMW_A1923,PCMWPRSTV_DRP
PRD_CMW_A1923,PCMWPRSTV_EDC
PRD_CMW_A1923,PCMWPRSTV_ERT
PRD_CMW_A1923,PCMWPRSTV_FDC
PRD_CMW_A1923,PCMWPRSTV_FMB
PRD_CMW_A1923,PCMWPRSTV_HUP
PRD_CMW_A1923,PCMWPRSTV_MDV
PRD_CMW_A1923,PCMWPRSTV_MKI
PRD_CMW_A1923,PCMWPRSTV_MRX
PRD_CMW_A1923,PCMWPRSTV_MSTR
PRD_CMW_A1923,PCMWPRSTV_MSTR_PRIV
PRD_CMW_A1923,PCMWPRSTV_ORC
PRD_CMW_A1923,PCMWPRSTV_PBU
PRD_CMW_A1923,PCMWPRSTV_PEE
PRD_CMW_A1923,PCMWPRSTV_PLT
PRD_CMW_A1923,PCMWPRSTV_PPO
PRD_CMW_A1923,PCMWPRSTV_PRIV
PRD_CMW_A1923,PCMWPRSTV_PRIV_DRP
PRD_CMW_A1923,PCMWPRSTV_PSB
PRD_CMW_A1923,PCMWPRSTV_SDK
PRD_CMW_A1923,PCMWPRSTV_SDM
PRD_CMW_A1923,PCMWPUNIB_CMW
PRD_CMW_A1923,PCMWPUNIU_ALIM
PRD_CMW_A1923,PCMWPUNIU_SAV
PRD_CMW_A1923,PCMWPUNIU_SEL
PRD_CMW_A1923,PCMWPUNIV
PRD_CMW_A1923,PCMWPUNIV_BRB
PRD_CMW_A1923,PCMWPUNIV_CMW
PRD_CMW_A1923,PRD_SRV_CMW_A1923_ACCESSION
PRD_CMW_A1923,PRD_SRV_CMW_A1923_CMW
PRD_CNF_A5701,APP
PRD_CNF_A5701,PRD_SUV_CNF_A5701_EQUIPMENT
PRD_CNF_A5701,PRD_SUV_CNF_A5701_EQUIPMENT_STAGING
PRD_COF_A5199,PRD_UV_COF_A5199_COF
PRD_COT_A1370,PRD_SRV_COT_A1370_COT
PRD_CPB_A5470,APP
PRD_CPB_A5470,PRD_APP_CPB_A5470_CPB
PRD_CPB_A5470,PRD_UV_CPB_A5470_CPB
PRD_CPB_A5470,PRD_UV_CPB_A5470_PDI_C3P
PRD_CPB_A5470,PRD_UV_CPB_A5470_PDI_C3P_V2
PRD_CPM_A5114,PRD_SRV_CPM_A5114_CPM
PRD_CPR_A5469,PRD_UV_CPR_A5469_CPR
PRD_CSM_A5047,PRD_SRV_CSM_A5047_CSM
PRD_CTI_A1377,PRD_SRV_CTI_A1377_CASP
PRD_CTI_A1377,PRD_SRV_CTI_A1377_CASPJ
PRD_CVL_A5154,PRD_SRV_CVL_A5154_CVL
PRD_CVP_A5822,PCVPPCVPV_APP
PRD_CVP_A5822,PRD_SRV_CVP_A5822_CTRL_PRIMES
PRD_CVP_A5822,PRD_UV_CVP_A5822_CTRL_PRIMES
PRD_DAB_AR017,PRD_UV_DAB_AR017_BDDF_DAC6
PRD_DAB_AR017,PRD_UV_DAB_AR017_STAGING_BDDF
PRD_DAR_A1571,PDARPDARB_DAR
PRD_DAR_A1571,PDARPDARB_DLI
PRD_DAR_A1571,PDARPDARB_TMP
PRD_DAR_A1571,PDARPDARK_DAR_OUTILS
PRD_DAR_A1571,PDARPDARK_DAR_SUIVI
PRD_DAR_A1571,PDARPDARK_DLI
PRD_DAR_A1571,PDARPDARU_DAR_ALIM
PRD_DAR_A1571,PDARPDARU_DAR_DCMA
PRD_DAR_A1571,PDARPDARU_DAR_SAS
PRD_DAR_A1571,PDARPDARU_DAR_SEL
PRD_DAR_A1571,PDARPDARU_DLI_ALIM
PRD_DAR_A1571,PDARPDARU_DLI_DCMA
PRD_DAR_A1571,PDARPDARU_DLI_SAS
PRD_DAR_A1571,PDARPDARU_DLI_SEL
PRD_DAR_A1571,PDARPDARU_SAV
PRD_DAR_A1571,PDARPDARV_DAR
PRD_DAR_A1571,PDARPDARV_DLI
PRD_DAR_A1571,PDARPDARV_TMP
PRD_DAR_A1571,PRD_SRV_DAR_A1571_DAR
PRD_DAT_A1955,PRD_SRV_DAT_A1955_DAT
PRD_DFC_A8361,PRD_LAB_DFC_A8361_CAD
PRD_DFC_A8361,PRD_SRV_DFC_A8361_CARMA
PRD_DFC_A8361,PRD_SRV_DFC_A8361_CARMA_PPRD
PRD_DFC_A8361,PRD_SRV_DFC_A8361_FORCES
PRD_DFC_A8361,PRD_SRV_DFC_A8361_FORCES_PPRD
PRD_DFC_A8361,PRD_SRV_DFC_A8361_NFDQC_CONTROLS_RESULTS
PRD_DFC_A8361,PRD_SRV_DFC_A8361_NFDQC_CONTROLS_RESULTS_PPRD
PRD_DFC_A8361,PRD_UV_DFC_A8361_CARMA
PRD_DFC_A8361,PRD_UV_DFC_A8361_CARMA_PPRD
PRD_DFC_A8361,PRD_UV_DFC_A8361_TALKS_EMB
PRD_DHR_A2879,PRD_APP_DHR_A2879_PROJECT_DHR_TECH
PRD_DHR_A2879,PRD_BOV_DHR_A2879_PERFORMANCE
PRD_DHR_A2879,PRD_BOV_DHR_A2879_PROF_EVOLUTION
PRD_DHR_A2879,PRD_BOV_DHR_A2879_RECRUITMENT
PRD_DHR_A2879,PRD_BOV_DHR_A2879_SKILL
PRD_DHR_A2879,PRD_BOV_DHR_A2879_TECHNICAL_BV
PRD_DHR_A2879,PRD_BOV_DHR_A2879_TRAINING
PRD_DHR_A2879,PRD_BOV_DHR_A2879_WA
PRD_DHR_A2879,PRD_SRV_DHR_A2879_ACTF_166715
PRD_DHR_A2879,PRD_SRV_DHR_A2879_COMP_ACE
PRD_DHR_A2879,PRD_SRV_DHR_A2879_EPRO_HRL
PRD_DHR_A2879,PRD_SRV_DHR_A2879_FDR_2106
PRD_DHR_A2879,PRD_SRV_DHR_A2879_HR_DATASCIENCE
PRD_DHR_A2879,PRD_SRV_DHR_A2879_PERF_PDP
PRD_DHR_A2879,PRD_SRV_DHR_A2879_RECR_JOBSG
PRD_DHR_A2879,PRD_SRV_DHR_A2879_REF_DHR
PRD_DHR_A2879,PRD_SRV_DHR_A2879_TRA_MOOC
PRD_DHR_A2879,PRD_SRV_DHR_A2879_TRA_MYL
PRD_DHR_A2879,PRD_SRV_DHR_A2879_WA_ARIS
PRD_DHR_A2879,PRD_SRV_DHR_A2879_WA_COREHR
PRD_DHR_A2879,PRD_SRV_DHR_A2879_WA_EBS
PRD_DHR_A2879,PRD_SRV_DHR_A2879_WA_GWN
PRD_DHR_A2879,PRD_SRV_DHR_A2879_WA_HCMS
PRD_DHR_A2879,PRD_SRV_DHR_A2879_WA_HCOM
PRD_DHR_A2879,PRD_SRV_DHR_A2879_WA_PSEUR
PRD_DHR_A2879,PRD_SRV_DHR_A2879_WA_SIRHJ
PRD_DHR_A2879,PRD_SRV_DHR_A2879_WA_SIRHJ2
PRD_DHR_A2879,PRD_SRV_DHR_A2879_WA_WAV0
PRD_DHR_A2879,PRD_SUV_DHR_A2879_A5401_PAF
PRD_DHR_A2879,PRD_SUV_DHR_A2879_A8497_SDH
PRD_DHR_A2879,PRD_SUV_DHR_A2879_DTM_PERFORMANCE
PRD_DHR_A2879,PRD_SUV_DHR_A2879_DTM_PROF_EVOLUTION
PRD_DHR_A2879,PRD_SUV_DHR_A2879_DTM_RECRUITMENT
PRD_DHR_A2879,PRD_SUV_DHR_A2879_DTM_SKILL
PRD_DHR_A2879,PRD_SUV_DHR_A2879_DTM_TRAINING
PRD_DHR_A2879,PRD_SUV_DHR_A2879_DTM_WA
PRD_DHR_A2879,PRD_SUV_DHR_A2879_RECRUITMENT
PRD_DHR_A2879,PRD_SUV_DHR_A2879_REFERENTIALS
PRD_DHR_A2879,PRD_UV_DHR_A2879_328705_ACD
PRD_DHR_A2879,PRD_UV_DHR_A2879_A2514_MYL
PRD_DHR_A2879,PRD_UV_DHR_A2879_A2516_ERH
PRD_DHR_A2879,PRD_UV_DHR_A2879_A2689_GLR
PRD_DHR_A2879,PRD_UV_DHR_A2879_A2878_AIR
PRD_DHR_A2879,PRD_UV_DHR_A2879_A2879_DHR
PRD_DHR_A2879,PRD_UV_DHR_A2879_A2933_CLL
PRD_DHR_A2879,PRD_UV_DHR_A2879_A2944_GGP
PRD_DHR_A2879,PRD_UV_DHR_A2879_A5381_BEZ
PRD_DHR_A2879,PRD_UV_DHR_A2879_A5448_OBP
PRD_DHR_A2879,PRD_UV_DHR_A2879_A8627_DAY
PRD_DHR_A2879,PRD_UV_DHR_A2879_A8942_WEL
PRD_DHR_A2879,PRD_UV_DHR_A2879_BIP_A0374
PRD_DHR_A2879,PRD_UV_DHR_A2879_CFE_A8544
PRD_DHR_A2879,PRD_UV_DHR_A2879_CNB_COMPNBEN
PRD_DHR_A2879,PRD_UV_DHR_A2879_D01_204555
PRD_DHR_A2879,PRD_UV_DHR_A2879_DCX_A8777
PRD_DHR_A2879,PRD_UV_DHR_A2879_DDC_A5260
PRD_DHR_A2879,PRD_UV_DHR_A2879_DRP_A1935
PRD_DHR_A2879,PRD_UV_DHR_A2879_EEV_A8549
PRD_DHR_A2879,PRD_UV_DHR_A2879_EMB_A1562
PRD_DHR_A2879,PRD_UV_DHR_A2879_ERM_A2627
PRD_DHR_A2879,PRD_UV_DHR_A2879_EVENT_PROXY_PRODUCER
PRD_DHR_A2879,PRD_UV_DHR_A2879_FAF_A2765
PRD_DHR_A2879,PRD_UV_DHR_A2879_FOR_A2801
PRD_DHR_A2879,PRD_UV_DHR_A2879_GED_A8354
PRD_DHR_A2879,PRD_UV_DHR_A2879_IHM_HRGATE
PRD_DHR_A2879,PRD_UV_DHR_A2879_IPF_A2836
PRD_DHR_A2879,PRD_UV_DHR_A2879_KOK_A5483
PRD_DHR_A2879,PRD_UV_DHR_A2879_M2R_5028
PRD_DHR_A2879,PRD_UV_DHR_A2879_MIFID_AB
PRD_DHR_A2879,PRD_UV_DHR_A2879_MOP_177078
PRD_DHR_A2879,PRD_UV_DHR_A2879_ORH_A8348
PRD_DHR_A2879,PRD_UV_DHR_A2879_PDP_A2515
PRD_DHR_A2879,PRD_UV_DHR_A2879_PEO_A2434
PRD_DHR_A2879,PRD_UV_DHR_A2879_PSG_A2585
PRD_DHR_A2879,PRD_UV_DHR_A2879_RMO_A2736
PRD_DHR_A2879,PRD_UV_DHR_A2879_RMU_A2732
PRD_DHR_A2879,PRD_UV_DHR_A2879_RTO_A0942
PRD_DHR_A2879,PRD_UV_DHR_A2879_SGSS_496052
PRD_DHR_A2879,PRD_UV_DHR_A2879_SKR_A2616
PRD_DHR_A2879,PRD_UV_DHR_A2879_SLC_170307
PRD_DHR_A2879,PRD_UV_DHR_A2879_SVM_A9054
PRD_DHR_A2879,PRD_UV_DHR_A2879_TIE_A1474
PRD_DHR_A2879,PRD_UV_DHR_A2879_TSI_A2676
PRD_DHR_A2879,PRD_UV_DHR_A2879_TUS_A8647
PRD_DHR_A2879,PRD_UV_DHR_A2879_UMA_A2876
PRD_DHR_A2879,PRD_UV_DHR_A2879_WFM_A5215
PRD_DLB_A5087,PDLBPDLBB_TECH
PRD_DLB_A5087,PDLBPDLBB_YOGA
PRD_DLB_A5087,PDLBPDLBV_TECH
PRD_DLB_A5087,PRD_LAB_B_EDC_OLAF
PRD_DLB_A5087,PRD_LAB_DAT_BS
PRD_DLB_A5087,PRD_LAB_DAT_DA
PRD_DLB_A5087,PRD_LAB_DAT_DS
PRD_DLB_A5087,PRD_LAB_DAT_MAP
PRD_DLB_A5087,PRD_LAB_DAT_PIL
PRD_DLB_A5087,PRD_LAB_DGT_CRM
PRD_DLB_A5087,PRD_LAB_DRO_PILCAD
PRD_DLB_A5087,PRD_LAB_FIN_PIL
PRD_DLB_A5087,PRD_LAB_RBS_FAR
PRD_DLB_A5087,PRD_LAB_RBS_QIS
PRD_DLB_A5087,PRD_LAB_V_EDC_OLAF
PRD_DLS_A5365,PRD_APP_DLS_A5365_LDAPSECURE
PRD_DMA_A5454,PRD_SRV_DMA_A5454_DMA
PRD_DMA_A5454,PRD_UV_DMA_A5454_PROJECT_BDDF_DMA
PRD_DPC_A8420,PRD_BOV_DPC_A8420_ACTION
PRD_DPC_A8420,PRD_BOV_DPC_A8420_APRC_REFERENTIAL
PRD_DPC_A8420,PRD_BOV_DPC_A8420_CONTROL
PRD_DPC_A8420,PRD_BOV_DPC_A8420_CONTROLFORM_LEVEL_TWO_CONTROL
PRD_DPC_A8420,PRD_BOV_DPC_A8420_CONTROLPLAN_LEVEL_TWO_CONTROL
PRD_DPC_A8420,PRD_BOV_DPC_A8420_CONTROL_ANOMALY
PRD_DPC_A8420,PRD_BOV_DPC_A8420_CONTROL_RESULT
PRD_DPC_A8420,PRD_BOV_DPC_A8420_DQ_CONTROLS_PC
PRD_DPC_A8420,PRD_BOV_DPC_A8420_ISSUE
PRD_DPC_A8420,PRD_BOV_DPC_A8420_NEED_FOR_ACTION
PRD_DPC_A8420,PRD_BOV_DPC_A8420_NODES_DIRECTORY
PRD_DPC_A8420,PRD_BOV_DPC_A8420_REMEDIATION_ACTION
PRD_DPC_A8420,PRD_BOV_DPC_A8420_REMEDIATION_PLAN
PRD_DPC_A8420,PRD_BOV_DPC_A8420_REVIEW_LEVEL_TWO_CONTROL
PRD_DPC_A8420,PRD_BOV_DPC_A8420_RISK_ASSESSMENT
PRD_DPC_A8420,PRD_SRV_DPC_A8420_DPC
PRD_DPC_A8420,PRD_SRV_DPC_A8420_MONITORING_METRICS
PRD_DPC_A8420,PRD_SUV_DPC_A8420_ACTION_NEED
PRD_DPC_A8420,PRD_SUV_DPC_A8420_AUDIT_TRAIL_DASHBOARDS
PRD_DPC_A8420,PRD_SUV_DPC_A8420_BLUEPRINT_FRAMEWORK
PRD_DPC_A8420,PRD_SUV_DPC_A8420_CONTROL_QUALITY_LVL_ONE_CTRL
PRD_DPC_A8420,PRD_SUV_DPC_A8420_DQ_INDICATORS_PC
PRD_DPC_A8420,PRD_SUV_DPC_A8420_ECONTROL
PRD_DPC_A8420,PRD_SUV_DPC_A8420_ELR_OU_FILTERING
PRD_DPC_A8420,PRD_SUV_DPC_A8420_HABILITATION_REFERENTIAL
PRD_DPC_A8420,PRD_SUV_DPC_A8420_IC_ROP_REFERENTIAL
PRD_DPC_A8420,PRD_SUV_DPC_A8420_LEVEL_ONE_CONTROL
PRD_DPC_A8420,PRD_SUV_DPC_A8420_LEVEL_TWO_CONTROL
PRD_DPC_A8420,PRD_SUV_DPC_A8420_NFR_SUPERVISION
PRD_DPC_A8420,PRD_SUV_DPC_A8420_NODES_DIRECTORY_EXPOSITION
PRD_DPC_A8420,PRD_SUV_DPC_A8420_RISK_ASSESSMENT
PRD_DPC_A8420,PRD_UV_DPC_A8420_360_FINDMYBLUEPRINT
PRD_DPC_A8420,PRD_UV_DPC_A8420_360_INDICATORS
PRD_DPC_A8420,PRD_UV_DPC_A8420_ACTION_NEED
PRD_DPC_A8420,PRD_UV_DPC_A8420_ACTION_PLAN_AMER
PRD_DPC_A8420,PRD_UV_DPC_A8420_BLUEPRINT_AMER
PRD_DPC_A8420,PRD_UV_DPC_A8420_BLUEPRINT_FULL_VIEWS
PRD_DPC_A8420,PRD_UV_DPC_A8420_CONTROL_PLAN_MONITORING
PRD_DPC_A8420,PRD_UV_DPC_A8420_INTERNAL_CONTROL_GBIS
PRD_DPC_A8420,PRD_UV_DPC_A8420_INTERNAL_CONTROL_IGAD
PRD_DPC_A8420,PRD_UV_DPC_A8420_L1C_EXACO
PRD_DPC_A8420,PRD_UV_DPC_A8420_LEVEL_ONE_CONTROL_AMER
PRD_DPC_A8420,PRD_UV_DPC_A8420_LEVEL_ONE_CONTROL_ASIA
PRD_DPC_A8420,PRD_UV_DPC_A8420_LEVEL_ONE_CONTROL_CYBER
PRD_DPC_A8420,PRD_UV_DPC_A8420_LEVEL_TWO_CONTROL
PRD_DPC_A8420,PRD_UV_DPC_A8420_LEVEL_TWO_CONTROL_TABULAR
PRD_DPC_A8420,PRD_UV_DPC_A8420_LEVEL_TWO_CONTROL_UNLOCKED
PRD_DPC_A8420,PRD_UV_DPC_A8420_MYAPRC_REF_DASHBOARDS
PRD_DPC_A8420,PRD_UV_DPC_A8420_OPS_MONITORING
PRD_DPJ_A5100,PRD_SRV_DPJ_A5100_TECHLOGS
PRD_DQA_A5367,PRD_APP_DQA_A5367_PROJECT_ITIM_DQA
PRD_DRF_A5413,PRD_APP_DRF_A5413_DRF_BDDF
PRD_DRF_A5413,PRD_LAB_DRF_A5413_DRF
PRD_DRF_A5413,PRD_SRV_DRF_A5413_DRF
PRD_DRF_A5413,PRD_SUV_DRF_A5413_DRF_BDDF
PRD_DRF_A5413,PRD_UV_DRF_A5413_DRF_BDDF
PRD_DRP_A1935,PDRPPDRP
PRD_DRP_A1935,PDRPPDRPB_DWH
PRD_DRP_A1935,PDRPPDRPB_ERS
PRD_DRP_A1935,PDRPPDRPB_MSTR_STATS
PRD_DRP_A1935,PDRPPDRPB_STG
PRD_DRP_A1935,PDRPPDRPB_TMP
PRD_DRP_A1935,PDRPPDRPK_DRP
PRD_DRP_A1935,PDRPPDRPU_ALIM
PRD_DRP_A1935,PDRPPDRPU_APP_REVKYC
PRD_DRP_A1935,PDRPPDRPU_DSTG_M_AXIAL
PRD_DRP_A1935,PDRPPDRPU_MAP_ALIM
PRD_DRP_A1935,PDRPPDRPU_MSTR_3C
PRD_DRP_A1935,PDRPPDRPU_MSTR_ALIM
PRD_DRP_A1935,PDRPPDRPU_MSTR_BCPS
PRD_DRP_A1935,PDRPPDRPU_MSTR_CCT
PRD_DRP_A1935,PDRPPDRPU_MSTR_CCT_ALIM
PRD_DRP_A1935,PDRPPDRPU_MSTR_CDS
PRD_DRP_A1935,PDRPPDRPU_MSTR_CN
PRD_DRP_A1935,PDRPPDRPU_MSTR_CRS
PRD_DRP_A1935,PDRPPDRPU_MSTR_CRS_PRIV
PRD_DRP_A1935,PDRPPDRPU_MSTR_DOC
PRD_DRP_A1935,PDRPPDRPU_MSTR_EAD
PRD_DRP_A1935,PDRPPDRPU_MSTR_EEI
PRD_DRP_A1935,PDRPPDRPU_MSTR_ELO
PRD_DRP_A1935,PDRPPDRPU_MSTR_ERS_TS
PRD_DRP_A1935,PDRPPDRPU_MSTR_EVO
PRD_DRP_A1935,PDRPPDRPU_MSTR_EVO_ALIM
PRD_DRP_A1935,PDRPPDRPU_MSTR_GDPR
PRD_DRP_A1935,PDRPPDRPU_MSTR_GTPS
PRD_DRP_A1935,PDRPPDRPU_MSTR_IBIS
PRD_DRP_A1935,PDRPPDRPU_MSTR_IBIS_ALIM
PRD_DRP_A1935,PDRPPDRPU_MSTR_IBP
PRD_DRP_A1935,PDRPPDRPU_MSTR_IBP_ALIM
PRD_DRP_A1935,PDRPPDRPU_MSTR_IPRO
PRD_DRP_A1935,PDRPPDRPU_MSTR_JUMP
PRD_DRP_A1935,PDRPPDRPU_MSTR_LDDS
PRD_DRP_A1935,PDRPPDRPU_MSTR_MCE
PRD_DRP_A1935,PDRPPDRPU_MSTR_MMO
PRD_DRP_A1935,PDRPPDRPU_MSTR_MTX
PRD_DRP_A1935,PDRPPDRPU_MSTR_M_AXIAL
PRD_DRP_A1935,PDRPPDRPU_MSTR_NDOD
PRD_DRP_A1935,PDRPPDRPU_MSTR_OAG
PRD_DRP_A1935,PDRPPDRPU_MSTR_OBG
PRD_DRP_A1935,PDRPPDRPU_MSTR_OPC
PRD_DRP_A1935,PDRPPDRPU_MSTR_PDI
PRD_DRP_A1935,PDRPPDRPU_MSTR_PDI_ALIM
PRD_DRP_A1935,PDRPPDRPU_MSTR_PLG
PRD_DRP_A1935,PDRPPDRPU_MSTR_PPAD
PRD_DRP_A1935,PDRPPDRPU_MSTR_PPCC
PRD_DRP_A1935,PDRPPDRPU_MSTR_PRECO23
PRD_DRP_A1935,PDRPPDRPU_MSTR_PRECO23_ALIM
PRD_DRP_A1935,PDRPPDRPU_MSTR_PSK
PRD_DRP_A1935,PDRPPDRPU_MSTR_PXS
PRD_DRP_A1935,PDRPPDRPU_MSTR_PXS_ALIM
PRD_DRP_A1935,PDRPPDRPU_MSTR_QPRDTRO
PRD_DRP_A1935,PDRPPDRPU_MSTR_QPRDTRO_ALIM
PRD_DRP_A1935,PDRPPDRPU_MSTR_RCP_TS
PRD_DRP_A1935,PDRPPDRPU_MSTR_RDV
PRD_DRP_A1935,PDRPPDRPU_MSTR_REE
PRD_DRP_A1935,PDRPPDRPU_MSTR_ROCQ
PRD_DRP_A1935,PDRPPDRPU_MSTR_ROCQ_ALIM
PRD_DRP_A1935,PDRPPDRPU_MSTR_RONC
PRD_DRP_A1935,PDRPPDRPU_MSTR_RSI
PRD_DRP_A1935,PDRPPDRPU_MSTR_RSI_ALIM
PRD_DRP_A1935,PDRPPDRPU_MSTR_RSR
PRD_DRP_A1935,PDRPPDRPU_MSTR_SAT
PRD_DRP_A1935,PDRPPDRPU_MSTR_SEA
PRD_DRP_A1935,PDRPPDRPU_MSTR_SSI
PRD_DRP_A1935,PDRPPDRPU_MSTR_SSI_TS
PRD_DRP_A1935,PDRPPDRPU_MSTR_STATS
PRD_DRP_A1935,PDRPPDRPU_MSTR_STATS_RO
PRD_DRP_A1935,PDRPPDRPU_MSTR_STAV
PRD_DRP_A1935,PDRPPDRPU_MSTR_TCG
PRD_DRP_A1935,PDRPPDRPU_MSTR_TEL
PRD_DRP_A1935,PDRPPDRPU_MSTR_TEL_ALIM
PRD_DRP_A1935,PDRPPDRPU_MSTR_TIERS
PRD_DRP_A1935,PDRPPDRPU_MSTR_TKT
PRD_DRP_A1935,PDRPPDRPU_MSTR_VAP
PRD_DRP_A1935,PDRPPDRPU_MSTR_VENTES
PRD_DRP_A1935,PDRPPDRPU_SAV
PRD_DRP_A1935,PDRPPDRPU_SEL
PRD_DRP_A1935,PDRPPDRPU_TALEND
PRD_DRP_A1935,PDRPPDRPV_APP
PRD_DRP_A1935,PDRPPDRPV_APP_3C
PRD_DRP_A1935,PDRPPDRPV_APP_BCPS
PRD_DRP_A1935,PDRPPDRPV_APP_CCT
PRD_DRP_A1935,PDRPPDRPV_APP_CDS
PRD_DRP_A1935,PDRPPDRPV_APP_CN
PRD_DRP_A1935,PDRPPDRPV_APP_CRS
PRD_DRP_A1935,PDRPPDRPV_APP_DOC
PRD_DRP_A1935,PDRPPDRPV_APP_EAD
PRD_DRP_A1935,PDRPPDRPV_APP_EEI
PRD_DRP_A1935,PDRPPDRPV_APP_ELO
PRD_DRP_A1935,PDRPPDRPV_APP_EVO
PRD_DRP_A1935,PDRPPDRPV_APP_GDPR
PRD_DRP_A1935,PDRPPDRPV_APP_GTPS
PRD_DRP_A1935,PDRPPDRPV_APP_IBIS
PRD_DRP_A1935,PDRPPDRPV_APP_IBP
PRD_DRP_A1935,PDRPPDRPV_APP_IPRO
PRD_DRP_A1935,PDRPPDRPV_APP_JUMP
PRD_DRP_A1935,PDRPPDRPV_APP_LDDS
PRD_DRP_A1935,PDRPPDRPV_APP_MCE
PRD_DRP_A1935,PDRPPDRPV_APP_MMO
PRD_DRP_A1935,PDRPPDRPV_APP_MTX
PRD_DRP_A1935,PDRPPDRPV_APP_M_AXIAL
PRD_DRP_A1935,PDRPPDRPV_APP_NDOD
PRD_DRP_A1935,PDRPPDRPV_APP_OAG
PRD_DRP_A1935,PDRPPDRPV_APP_OBG
PRD_DRP_A1935,PDRPPDRPV_APP_OPC
PRD_DRP_A1935,PDRPPDRPV_APP_PDI
PRD_DRP_A1935,PDRPPDRPV_APP_PLG
PRD_DRP_A1935,PDRPPDRPV_APP_PPAD
PRD_DRP_A1935,PDRPPDRPV_APP_PPCC
PRD_DRP_A1935,PDRPPDRPV_APP_PSK
PRD_DRP_A1935,PDRPPDRPV_APP_PXS
PRD_DRP_A1935,PDRPPDRPV_APP_RDV
PRD_DRP_A1935,PDRPPDRPV_APP_REE
PRD_DRP_A1935,PDRPPDRPV_APP_REVKYC
PRD_DRP_A1935,PDRPPDRPV_APP_ROCQ
PRD_DRP_A1935,PDRPPDRPV_APP_RONC
PRD_DRP_A1935,PDRPPDRPV_APP_RSI
PRD_DRP_A1935,PDRPPDRPV_APP_RSR
PRD_DRP_A1935,PDRPPDRPV_APP_SAT
PRD_DRP_A1935,PDRPPDRPV_APP_SEA
PRD_DRP_A1935,PDRPPDRPV_APP_SSI
PRD_DRP_A1935,PDRPPDRPV_APP_STAV
PRD_DRP_A1935,PDRPPDRPV_APP_TCG
PRD_DRP_A1935,PDRPPDRPV_APP_TEL
PRD_DRP_A1935,PDRPPDRPV_APP_TIERS
PRD_DRP_A1935,PDRPPDRPV_APP_TKT
PRD_DRP_A1935,PDRPPDRPV_APP_VAP
PRD_DRP_A1935,PDRPPDRPV_APP_VENTES
PRD_DRP_A1935,PDRPPDRPV_CFO
PRD_DRP_A1935,PDRPPDRPV_CIR
PRD_DRP_A1935,PDRPPDRPV_CMW
PRD_DRP_A1935,PDRPPDRPV_DWH
PRD_DRP_A1935,PDRPPDRPV_ERS
PRD_DRP_A1935,PDRPPDRPV_FDC
PRD_DRP_A1935,PDRPPDRPV_MKI
PRD_DRP_A1935,PDRPPDRPV_MSTR_STATS
PRD_DRP_A1935,PDRPPDRPV_PBU
PRD_DRP_A1935,PDRPPDRPV_PLT
PRD_DRP_A1935,PDRPPDRPV_PPO
PRD_DRP_A1935,PDRPPDRPV_PSB
PRD_DRP_A1935,PDRPPDRPV_STG
PRD_DRP_A1935,PDRPPDRPV_TMP
